{
    "cards": [],
    "findCardsTimespan": 2.1760001182556152,
    "groupingTimespan": 0,
    "removeOverlapTimespan": 0,
    "totalTimespan": 2.1760001182556152
}