{
    "cards": [],
    "findCardsTimespan": 2.2320001125335693,
    "groupingTimespan": 0,
    "removeOverlapTimespan": 0,
    "totalTimespan": 2.2320001125335693
}