{
    "cards": [],
    "findCardsTimespan": 6.910999774932861,
    "groupingTimespan": 0,
    "removeOverlapTimespan": 0,
    "totalTimespan": 6.910999774932861
}