{
    "cards": [],
    "findCardsTimespan": 7.349999904632568,
    "groupingTimespan": 0,
    "removeOverlapTimespan": 0,
    "totalTimespan": 7.349999904632568
}