{
    "Badmatch": 2,
    "Goodmatch": 6,
    "cardsearchtime": 159.08999633789063,
    "executiontime": 159.20700073242188,
    "grouptime": 0.0430000014603138,
    "overlaptime": 0.07400000095367432,
    "percentage": 0.4615384638309479,
    "totalcards": 13
}